sheet,position,id
sheet_001.png,1,MC100
sheet_001.png,2,MC106
sheet_001.png,3,AC001
sheet_001.png,4,AC002
sheet_002.png,1,AC003
sheet_002.png,2,AC004
sheet_002.png,3,AC005
sheet_002.png,4,AC006
sheet_003.png,1,AC007
sheet_003.png,2,AC008
sheet_003.png,3,AC010
sheet_003.png,4,AC200
sheet_004.png,1,AC201
sheet_004.png,2,AC202
sheet_004.png,3,AC203
sheet_004.png,4,AC204
sheet_005.png,1,AC205
sheet_005.png,2,AC206
sheet_005.png,3,AC207
sheet_005.png,4,AC208
sheet_006.png,1,AC209
sheet_006.png,2,AC210
sheet_006.png,3,AC500
sheet_006.png,4,AC501
sheet_007.png,1,AC502
sheet_007.png,2,AC503
sheet_007.png,3,CN001
sheet_007.png,4,CN002
sheet_008.png,1,CN003
sheet_008.png,2,CN004
sheet_008.png,3,ENV001
sheet_008.png,4,ENV200
sheet_009.png,1,ENV201
sheet_009.png,2,ENV202
sheet_009.png,3,ENV300
sheet_009.png,4,ENV301
sheet_010.png,1,ENV302
sheet_010.png,2,ENV303
sheet_010.png,3,ENV304
sheet_010.png,4,IO003
sheet_011.png,1,IO100
sheet_011.png,2,IO101
sheet_011.png,3,IO102
sheet_011.png,4,MC101
sheet_012.png,1,MC102
sheet_012.png,2,MC103
sheet_012.png,3,MC104
sheet_012.png,4,MC105
sheet_013.png,1,MC107
sheet_013.png,2,OT001
sheet_013.png,3,OT002
sheet_013.png,4,OT100
sheet_014.png,1,OT101
sheet_014.png,2,OT102
sheet_014.png,3,OT200
sheet_014.png,4,OT201
sheet_015.png,1,OT202
sheet_015.png,2,PA001
sheet_015.png,3,PA002
sheet_015.png,4,PA003
sheet_016.png,1,PA004
sheet_016.png,2,PS100
sheet_016.png,3,PS101
sheet_016.png,4,PS102
sheet_017.png,1,PS103
sheet_017.png,2,PS200
sheet_017.png,3,PS201
sheet_017.png,4,PS202
sheet_018.png,1,PS300
sheet_018.png,2,PS301
sheet_018.png,3,PS302
sheet_018.png,4,PS401
sheet_019.png,1,RF002
sheet_019.png,2,RF003
sheet_019.png,3,RF101
sheet_019.png,4,SW100
sheet_020.png,1,SW101
sheet_020.png,2,SW102
sheet_020.png,3,SW103
sheet_020.png,4,SW104
sheet_021.png,1,SW105
sheet_021.png,2,SW106
sheet_021.png,3,SW107
sheet_021.png,4,SW201
sheet_022.png,1,TS001
